council,register_ref,eircode,id,original_address,cleaned_query,lat,lon,confidence,check_on_map
Cork County,KMMD/DS/01,P51NR50,cork-co-KMMD-DS-01,"Former Central Hotel Site, Mallow","Main Street, Mallow, Co. Cork",52.136111,-8.64252,town,https://www.openstreetmap.org/?mlat=52.136111&mlon=-8.64252#map=18/52.136111/-8.64252
Cork County,MMD/DS/06,P12VF64,cork-co-MMD-DS-06,"No 1 An Faithin, Tarelton, Tarelton","1 An Faithin, Tarelton, Co. Cork",51.862209,-8.418082,street,https://www.openstreetmap.org/?mlat=51.862209&mlon=-8.418082#map=18/51.862209/-8.418082
Cork County,MMD/DS/07,P12T886,cork-co-MMD-DS-07,"No 6 An Faithin, Tarelton, Tarelton","6 An Faithin, Tarelton, Co. Cork",51.935154,-8.45319,street,https://www.openstreetmap.org/?mlat=51.935154&mlon=-8.45319#map=18/51.935154/-8.45319
Cork County,MMD/DS/08,P12Y027,cork-co-MMD-DS-08,"No 8 An Faithin, Tarelton, Tarelton","8 An Faithin, Tarelton, Co. Cork",51.897223,-8.471572,street,https://www.openstreetmap.org/?mlat=51.897223&mlon=-8.471572#map=18/51.897223/-8.471572
Cork County,MMD/DS/09,P12YN81,cork-co-MMD-DS-09,"No 13 An Faithin, Tarelton, Tarelton","13 An Faithin, Tarelton, Co. Cork",51.862301,-8.417387,street,https://www.openstreetmap.org/?mlat=51.862301&mlon=-8.417387#map=18/51.862301/-8.417387
Cork County,MMD/DS/10,P12K242,cork-co-MMD-DS-10,"No 16 An Faithin, Terelton, Tarelton","16 An Faithin, Terelton, Co. Cork",51.894877,-8.474575,street,https://www.openstreetmap.org/?mlat=51.894877&mlon=-8.474575#map=18/51.894877/-8.474575
Cork County,MMD/DS/12,P12 K163,cork-co-MMD-DS-12,"Former Shop at New Street, Gurteenroe, Macroom, Macroom","New Street, Gurteenroe, Macroom, Co. Cork",51.913595,-8.979403,town,https://www.openstreetmap.org/?mlat=51.913595&mlon=-8.979403#map=18/51.913595/-8.979403
Mayo,DS2024/17,F26 X5P9,mayo-ds2024-17,"Lidl House, Bohernasup, Ballina, Co Mayo F26 X5P9","Bohernasup, Ballina, Co Mayo F26 X5P9",54.122039,-9.158992,town,https://www.openstreetmap.org/?mlat=54.122039&mlon=-9.158992#map=18/54.122039/-9.158992
Mayo,DS40/108,F26 XT63,mayo-ds40-108,"""Stephanie's Hair Salon"", Abbey Street, Abbeyhalfquarter, Ardnaree South, Ballina, Co Mayo F26XT63","Abbey Street, Abbeyhalfquarter, Ardnaree South, Ballina, Co Mayo F26XT63",54.11302,-9.139194,town,https://www.openstreetmap.org/?mlat=54.11302&mlon=-9.139194#map=18/54.11302/-9.139194
Mayo,DS40/126,F26 R6D2,mayo-ds40-126,"Abbey Street, Abbeyhalfquater, Ardnaree South, Ballina, F26 R6D2, Co. Mayo","Abbey Street, Ardnaree South, Ballina, F26 R6D2, Co. Mayo",54.112276,-9.152363,town,https://www.openstreetmap.org/?mlat=54.112276&mlon=-9.152363#map=18/54.112276/-9.152363
Mayo,DS40/191,F26 Y9P0,mayo-ds40-191,"No. (9) St. Enda's Villa's Ballina, Co Mayo F26 Y9P0.","9 St. Enda's Villas, Ballina, Co. Mayo, F26 Y9P0",54.11415,-9.162415,town,https://www.openstreetmap.org/?mlat=54.11415&mlon=-9.162415#map=18/54.11415/-9.162415
Mayo,DS40/195,F26 C3W2,mayo-ds40-195,"Property 1 Barrett Street, Ballina, Co Mayo F26 C3W2","1 Barrett Street, Ballina, Co Mayo F26 C3W2",54.112307,-9.152258,street,https://www.openstreetmap.org/?mlat=54.112307&mlon=-9.152258#map=18/54.112307/-9.152258
Mayo,DS40/57,F26 K803,mayo-ds40-57,"O'Rahilly Street, Ballina, F26 K803 (Garveys Bakery), Co. Mayo","O'Rahilly Street, Ballina, Co. Mayo, F26 K803",54.113056,-9.15561,town,https://www.openstreetmap.org/?mlat=54.113056&mlon=-9.15561#map=18/54.113056/-9.15561
Mayo,DS40/91,F26 A073,mayo-ds40-91,"""Pet Stop Discount Warehouse"", Kevin Barry St., Ballina,Co Mayo F26 A073","Kevin Barry St., Ballina, Co. Mayo F26 A073",54.112205,-9.15928,town,https://www.openstreetmap.org/?mlat=54.112205&mlon=-9.15928#map=18/54.112205/-9.15928
Mayo,DS2024/23,F26 R5P3,mayo-ds2024-23,"Tyrawley House, McDermott Street, Ballina, Co Mayo F26 R5P3","McDermott Street, Ballina, Co. Mayo F26 R5P3",54.115326,-9.159439,town,https://www.openstreetmap.org/?mlat=54.115326&mlon=-9.159439#map=18/54.115326/-9.159439
Mayo,DS10/52,F26 CR94,mayo-ds10-52,"R314, Gore Street, Killala, Co Mayo F26 CR94","Gore Street, Killala, Co. Mayo F26 CR94",54.213029,-9.220746,street,https://www.openstreetmap.org/?mlat=54.213029&mlon=-9.220746#map=18/54.213029/-9.220746
Mayo,DS43/01,F23 CH64,mayo-ds43-01,"""Ballyvary House"", Main Street, Ballyvary, Castlebar, Co Mayo F23 CH64","Main Street, Ballyvary, Castlebar, Co. Mayo F23 CH64",53.856781,-9.298259,street,https://www.openstreetmap.org/?mlat=53.856781&mlon=-9.298259#map=18/53.856781/-9.298259
Mayo,DS41/21,F23 YW65,mayo-ds41-21,"Gavin and Brennan Buildings, Knockthomas, Castlebar, Co Mayo F23 YW65","Knockthomas, Castlebar, Co. Mayo, F23 YW65",53.861432,-9.293534,town,https://www.openstreetmap.org/?mlat=53.861432&mlon=-9.293534#map=18/53.861432/-9.293534
Mayo,DS41/24,F23 E297,mayo-ds41-24,"Former Commercial Premises, Newport Road, Castlebar, Co Mayo F23E297","Newport Road, Castlebar, Co Mayo F23E297",53.857424,-9.313263,town,https://www.openstreetmap.org/?mlat=53.857424&mlon=-9.313263#map=18/53.857424/-9.313263
Mayo,DS2025/16,F23 WE16,mayo-ds2025-16,"Hill House, Mountain View, Castlebar, Co Mayo, F23 WE16","Mountain View, Castlebar, Co Mayo, F23 WE16",53.854078,-9.300677,town,https://www.openstreetmap.org/?mlat=53.854078&mlon=-9.300677#map=18/53.854078/-9.300677
Mayo,DS2025/27,F26 CK77,mayo-ds2025-27,"Devanney's Bar, Lahardane, Co Mayo F26 CK77","Lahardane, Co Mayo F26 CK77",54.028248,-9.321658,town,https://www.openstreetmap.org/?mlat=54.028248&mlon=-9.321658#map=18/54.028248/-9.321658
Mayo,DS17/65,F31 AK54,mayo-ds17-65,"""Mooneys"", Bridge Street, Ballinrobe, Co Mayo F31 AK54","Bridge Street, Ballinrobe, Co Mayo F31 AK54",53.624296,-9.223164,town,https://www.openstreetmap.org/?mlat=53.624296&mlon=-9.223164#map=18/53.624296/-9.223164
Mayo,DS2025/25,F31 T671,mayo-ds2025-25,"Glenview, 49 Abbey Street, Ballinrobe, Co Mayo F31 T671","49 Abbey Street, Ballinrobe, Co. Mayo F31 T671",53.624554,-9.221934,town,https://www.openstreetmap.org/?mlat=53.624554&mlon=-9.221934#map=18/53.624554/-9.221934
Mayo,DS19/43,F12 Y1T9,mayo-ds19-43,"O Brien Flats Knock Road Claremorris Co Mayo F12Y1T9, F12Y314","Knock Road, Claremorris, Co. Mayo, F12Y1T9",53.725695,-8.99549,town,https://www.openstreetmap.org/?mlat=53.725695&mlon=-8.99549#map=18/53.725695/-8.99549
Mayo,DS19/63,F12 VF95,mayo-ds19-63,"James Street, Claremorris, Co Mayo (beside bank on corner F12 VF95).","James Street, Claremorris, Co Mayo F12 VF95",53.717325,-9.000195,town,https://www.openstreetmap.org/?mlat=53.717325&mlon=-9.000195#map=18/53.717325/-9.000195
Mayo,DS19/73,F12 WP03,mayo-ds19-73,"Old Convent, Claremount, Claremorris, Co Mayo F12WP03","Claremount, Claremorris, Co. Mayo, F12WP03",53.734353,-8.997968,town,https://www.openstreetmap.org/?mlat=53.734353&mlon=-8.997968#map=18/53.734353/-8.997968
Mayo,DS12/52,F12 EK84,mayo-ds12-52,"Former Commercial Unit, Main Street, Kiltimagh, Co Mayo F12EK84.","Main Street, Kiltimagh, Co Mayo F12EK84",53.850319,-8.998409,town,https://www.openstreetmap.org/?mlat=53.850319&mlon=-8.998409#map=18/53.850319/-8.998409
Mayo,DS2024/20,F12 ND32,mayo-ds2024-20,"Former N17 Night-Club, Main Street, Kiltimagh, Co Mayo F12 ND32","Main Street, Kiltimagh, Co Mayo F12 ND32",53.850319,-8.998409,town,https://www.openstreetmap.org/?mlat=53.850319&mlon=-8.998409#map=18/53.850319/-8.998409
Mayo,DS06/01,F12 XF64,mayo-ds06-01,"Belmont Hotel, Churchfield, Knock, Co Mayo F12 XF64","Churchfield, Knock, Co. Mayo F12 XF64",53.783173,-8.906072,town,https://www.openstreetmap.org/?mlat=53.783173&mlon=-8.906072#map=18/53.783173/-8.906072
Mayo,DS31/01,F12 R2E1,mayo-ds31-01,"Roundfort Stores, Roundfort, Hollymount, Co Mayo F12 R2E1","Roundfort, Hollymount, Co. Mayo, F12 R2E1",53.645638,-9.109414,town,https://www.openstreetmap.org/?mlat=53.645638&mlon=-9.109414#map=18/53.645638/-9.109414
Mayo,DS08/32,F28 PD62,mayo-ds08-32,"""Carrowbaun House"", Medlicott Street, Newport, Co Mayo F28 PD62","Medlicott Street, Newport, Co Mayo F28 PD62",53.883174,-9.547398,town,https://www.openstreetmap.org/?mlat=53.883174&mlon=-9.547398#map=18/53.883174/-9.547398
Mayo,DS08/52,F28 HF79,mayo-ds08-52,"Newport Youth Café, Castlebar Street, Newport, Co Mayo F28 HF79","Castlebar Street, Newport, Co Mayo F28 HF79",53.884864,-9.544366,town,https://www.openstreetmap.org/?mlat=53.884864&mlon=-9.544366#map=18/53.884864/-9.544366
Tipperary,ENV-C-20-19,E21 Y998,tipperary-env-c-20-19,"Honey Cottage, Glennagat, Cahir, Co. Tipperary, E21 Y998","Glennagat, Cahir, Co. Tipperary, E21 Y998",52.422485,-7.836376,town,https://www.openstreetmap.org/?mlat=52.422485&mlon=-7.836376#map=18/52.422485/-7.836376
Tipperary,ENV-C-19-10,E25 X732,tipperary-env-c-19-10,"Kearneys Castle, Main Street, Cashel, Co Tipperary E25 X732","Main Street, Cashel, Co Tipperary E25 X732",52.515901,-7.890735,town,https://www.openstreetmap.org/?mlat=52.515901&mlon=-7.890735#map=18/52.515901/-7.890735
Tipperary,TRT.25.010,E91 PP99,tipperary-trt-25-010-1,"E91 PP99 Market Place (formerly Xtra Vision) Site (Folio TY61870F), Co. Tipperary","Market Place, Co. Tipperary, E91 PP99",52.354674,-7.701496,town,https://www.openstreetmap.org/?mlat=52.354674&mlon=-7.701496#map=18/52.354674/-7.701496
Tipperary,TRT.25.010,E91 F896,tipperary-trt-25-010-2,"b) E91 F896 Market Place SC (formerly Mai’s Café), Co. Tipperary","Market Place, Clonmel, Co. Tipperary, E91 F896",52.354674,-7.701496,town,https://www.openstreetmap.org/?mlat=52.354674&mlon=-7.701496#map=18/52.354674/-7.701496
Tipperary,TRT.25.010,E91 PF53,tipperary-trt-25-010-12,"l) E91 PF53 Unit B8 Market Place, Co. Tipperary","Unit B8 Market Place, Co. Tipperary, E91 PF53",52.354674,-7.701496,town,https://www.openstreetmap.org/?mlat=52.354674&mlon=-7.701496#map=18/52.354674/-7.701496
Tipperary,TRT.26.010,E45 X924,tipperary-trt-26-010,"Church Street, Bunacum, Toomevara E45 X924, Co. Tipperary","Church Street, Toomevara, Co. Tipperary, E45 X924",52.851206,-8.034301,town,https://www.openstreetmap.org/?mlat=52.851206&mlon=-8.034301#map=18/52.851206/-8.034301
Donegal,DSR/2025/004,F92 RK19,donegal-dsr-2025-004,"Former Scally Surgery (F92 RK19) & Dwelling (F92 NP52), Castle Street, Letterkenny,Co. Donegal.","Castle Street, Letterkenny, Co. Donegal, F92 RK19",55.037421,-7.644312,town,https://www.openstreetmap.org/?mlat=55.037421&mlon=-7.644312#map=18/55.037421/-7.644312
