council,register_ref,eircode,id,original_address,cleaned_query,lat,lon,confidence,check_on_map
"South Dublin","1734","","sdcc-1734","Capri' Bungalow, Whitechurch Road, Rathfarnham, Dublin 16","Whitechurch Road, Rathfarnham, Dublin 16","53.285862","-6.286065","town","https://www.openstreetmap.org/?mlat=53.285862&mlon=-6.286065#map=18/53.285862/-6.286065"
"South Dublin","1317A","","sdcc-1317A","Ballyroan House Lodge, Ballyboden Road, Rathfarnham, Dublin 16","Ballyboden Road, Rathfarnham, Dublin 16","53.28524","-6.29483","town","https://www.openstreetmap.org/?mlat=53.28524&mlon=-6.29483#map=18/53.28524/-6.29483"
"South Dublin","1989","","sdcc-1989","Derelict House (Beside Coolfan House), Robinhood Road, Dublin 22.","Robinhood Road, Dublin 22","53.318138","-6.360924","town","https://www.openstreetmap.org/?mlat=53.318138&mlon=-6.360924#map=18/53.318138/-6.360924"
"South Dublin","1886","","sdcc-1886","3 Derelict Houses on Main Street, Rathcoole, Co Dublin","Main Street, Rathcoole, Co Dublin","53.281194","-6.475904","town","https://www.openstreetmap.org/?mlat=53.281194&mlon=-6.475904#map=18/53.281194/-6.475904"
"South Dublin","1991","","sdcc-1991","Derelict Site to Main Street, Rathcoole, Co Dublin","Main Street, Rathcoole, Co Dublin","53.281194","-6.475904","town","https://www.openstreetmap.org/?mlat=53.281194&mlon=-6.475904#map=18/53.281194/-6.475904"
"Fingal","DS-19.16","","fingal-DS-19.16","Site at Innisfree, Jugback Lane, Swords, Co Dublin","Innisfree, Jugback Lane, Swords, Co Dublin","53.470377","-6.228622","street","https://www.openstreetmap.org/?mlat=53.470377&mlon=-6.228622#map=18/53.470377/-6.228622"
"Fingal","DS-23.25","","fingal-DS-23.25","Tesco Site, The Mall, Balbriggan","The Mall, Balbriggan","53.608565","-6.182514","street","https://www.openstreetmap.org/?mlat=53.608565&mlon=-6.182514#map=18/53.608565/-6.182514"
"Fingal","DS-14.25A","","fingal-DS-14.25A","Site Upper Main St, No 12, 14, 14A, 16, 18, 20, Rush","12 Upper Main St, Rush","53.522503","-6.095632","town","https://www.openstreetmap.org/?mlat=53.522503&mlon=-6.095632#map=18/53.522503/-6.095632"
"Fingal","DS-14.20A","","fingal-DS-14.20A","Site adjacent to 31 Carlton Court, Swords, Co Dublin","31 Carlton Court, Swords, Co Dublin","53.452344","-6.220012","street","https://www.openstreetmap.org/?mlat=53.452344&mlon=-6.220012#map=18/53.452344/-6.220012"
"Fingal","DS-24.09","","fingal-DS-24.09","Georges Court (behind 8-10 Drogheda St) Balbriggan","8 Drogheda Street, Balbriggan, Co. Dublin","53.615372","-6.19232","town","https://www.openstreetmap.org/?mlat=53.615372&mlon=-6.19232#map=18/53.615372/-6.19232"
"Fingal","DS-24.07","","fingal-DS-24.07","Main Street, Lusk (house to left of Costcutters)","Main Street, Lusk","53.525649","-6.165604","town","https://www.openstreetmap.org/?mlat=53.525649&mlon=-6.165604#map=18/53.525649/-6.165604"
"Fingal","DS-24.81","","fingal-DS-24.81","Ballymun Villa, Charter House Hill, Ballymun Road","Charter House Hill, Ballymun Road, Dublin","53.381535","-6.26528","street","https://www.openstreetmap.org/?mlat=53.381535&mlon=-6.26528#map=18/53.381535/-6.26528"
"Fingal","DS-24.76","","fingal-DS-24.76","No 4 Bremore Pastures Avenue, Balbriggan","4 Bremore Pastures Avenue, Balbriggan, Co. Dublin","53.611637","-6.212438","street","https://www.openstreetmap.org/?mlat=53.611637&mlon=-6.212438#map=18/53.611637/-6.212438"
"Cork City","DSP-2159","","cork-DSP-2159","Site at Berwick Lane (across from Berwick House), Blackpool, Cork","Berwick Lane, Blackpool, Cork","51.910152","-8.474122","town","https://www.openstreetmap.org/?mlat=51.910152&mlon=-8.474122#map=18/51.910152/-8.474122"
"Cork City","DSP-2221","","cork-DSP-2221","Site between 8 Seminary Road and 9 Seminary Road, Blackpool, Cork","8 Seminary Road, Blackpool, Cork","51.909567","-8.476321","town","https://www.openstreetmap.org/?mlat=51.909567&mlon=-8.476321#map=18/51.909567/-8.476321"
"Cork City","DSP-2238","","cork-DSP-2238","(Formerly Cremin Drycleaners and BOI), East Douglas Street, Douglas, Cork","East Douglas Street, Douglas, Cork","51.876369","-8.434045","town","https://www.openstreetmap.org/?mlat=51.876369&mlon=-8.434045#map=18/51.876369/-8.434045"
"Cork City","DSP-2219","","cork-DSP-2219","Property next to 1 Rock Cottages, Kileens, Rathpeacon, Co. Cork","1 Rock Cottages, Kileens, Rathpeacon, Co. Cork","51.901398","-8.48177","street","https://www.openstreetmap.org/?mlat=51.901398&mlon=-8.48177#map=18/51.901398/-8.48177"
"Cork City","DSP-1825","","cork-DSP-1825","Former Angel Guardian Boys School, Springfield Road, Cork","Springfield Road, Cork","51.937089","-8.469408","street","https://www.openstreetmap.org/?mlat=51.937089&mlon=-8.469408#map=18/51.937089/-8.469408"
"Cork County","BK/DS/18","","cork-co-BK-DS-18","O'Sullivan's Apts, Market Place, Kinsale","Market Place, Kinsale, Co. Cork","51.70624","-8.524003","town","https://www.openstreetmap.org/?mlat=51.70624&mlon=-8.524003#map=18/51.70624/-8.524003"
"Cork County","KMMD/DS/01","P51NR50","cork-co-KMMD-DS-01","Former Central Hotel Site, Mallow","Main Street, Mallow, Co. Cork","52.136111","-8.64252","town","https://www.openstreetmap.org/?mlat=52.136111&mlon=-8.64252#map=18/52.136111/-8.64252"
"Cork County","KMMD/DS/08","","cork-co-KMMD-DS-08","the northeast of the main road to Kanturk ( Cecilstown), Mallow","Main Road, Cecilstown, Mallow, Co. Cork","52.173471","-8.77576","town","https://www.openstreetmap.org/?mlat=52.173471&mlon=-8.77576#map=18/52.173471/-8.77576"
"Cork County","KMMD/DS/09","","cork-co-KMMD-DS-09","the south side of Jail Lane, Charleville","Jail Lane, Charleville, Co. Cork","52.35276","-8.681179","town","https://www.openstreetmap.org/?mlat=52.35276&mlon=-8.681179#map=18/52.35276/-8.681179"
"Cork County","KMMD/DS/11","","cork-co-KMMD-DS-11","A lane off the westside of Main Street (Dispensary Lane)/Mc Carthys Lane, Buttevant","Mc Carthys Lane, Buttevant, Co. Cork","52.23151","-8.67025","street","https://www.openstreetmap.org/?mlat=52.23151&mlon=-8.67025#map=18/52.23151/-8.67025"
"Cork County","KMMD/DS/12","","cork-co-KMMD-DS-12","The corner of New Street & lane leading to Ballalley Tce, Buttevant","New Street, Buttevant, Co. Cork","52.231455","-8.669262","street","https://www.openstreetmap.org/?mlat=52.231455&mlon=-8.669262#map=18/52.231455/-8.669262"
"Cork County","KMMD/DS/15","","cork-co-KMMD-DS-15","Westside of road between Tullylease and Freemount - Site No 3","Tullylease to Freemount Road, Tullylease, Co. Cork","52.286757","-8.873815","street","https://www.openstreetmap.org/?mlat=52.286757&mlon=-8.873815#map=18/52.286757/-8.873815"
"Cork County","MMD/DS/04","","cork-co-MMD-DS-04","Derelict Site at Bridewell Lane, Macroom","Bridewell Lane, Macroom, Co. Cork","52.134871","-8.640495","street","https://www.openstreetmap.org/?mlat=52.134871&mlon=-8.640495#map=18/52.134871/-8.640495"
"Cork County","MMD/DS/05","","cork-co-MMD-DS-05","Derelict Site at Duggans Lane, Macroom","Duggans Lane, Macroom, Co. Cork","51.906507","-8.963821","street","https://www.openstreetmap.org/?mlat=51.906507&mlon=-8.963821#map=18/51.906507/-8.963821"
"Cork County","MMD/DS/06","P12VF64","cork-co-MMD-DS-06","No 1 An Faithin, Tarelton, Tarelton","1 An Faithin, Tarelton, Co. Cork","51.862209","-8.418082","street","https://www.openstreetmap.org/?mlat=51.862209&mlon=-8.418082#map=18/51.862209/-8.418082"
"Cork County","MMD/DS/07","P12T886","cork-co-MMD-DS-07","No 6 An Faithin, Tarelton, Tarelton","6 An Faithin, Tarelton, Co. Cork","51.935154","-8.45319","street","https://www.openstreetmap.org/?mlat=51.935154&mlon=-8.45319#map=18/51.935154/-8.45319"
"Cork County","MMD/DS/08","P12Y027","cork-co-MMD-DS-08","No 8 An Faithin, Tarelton, Tarelton","8 An Faithin, Tarelton, Co. Cork","51.897223","-8.471572","street","https://www.openstreetmap.org/?mlat=51.897223&mlon=-8.471572#map=18/51.897223/-8.471572"
"Cork County","MMD/DS/09","P12YN81","cork-co-MMD-DS-09","No 13 An Faithin, Tarelton, Tarelton","13 An Faithin, Tarelton, Co. Cork","51.862301","-8.417387","street","https://www.openstreetmap.org/?mlat=51.862301&mlon=-8.417387#map=18/51.862301/-8.417387"
"Cork County","MMD/DS/10","P12K242","cork-co-MMD-DS-10","No 16 An Faithin, Terelton, Tarelton","16 An Faithin, Terelton, Co. Cork","51.894877","-8.474575","street","https://www.openstreetmap.org/?mlat=51.894877&mlon=-8.474575#map=18/51.894877/-8.474575"
"Cork County","MMD/DS/12","P12 K163","cork-co-MMD-DS-12","Former Shop at New Street, Gurteenroe, Macroom, Macroom","New Street, Gurteenroe, Macroom, Co. Cork","51.913595","-8.979403","town","https://www.openstreetmap.org/?mlat=51.913595&mlon=-8.979403#map=18/51.913595/-8.979403"
"Kildare","DS-2007-K02","","kildare-DS-2007-K02","Mary Hickeys Sweet Shop, Church Street, Kilcock, Co. Kildare","Church Street, Kilcock, Co. Kildare","53.403958","-6.672224","town","https://www.openstreetmap.org/?mlat=53.403958&mlon=-6.672224#map=18/53.403958/-6.672224"
"Kildare","DS-2007-N03","","kildare-DS-2007-N03","Old Band Hall, Cutlery Road, Newbridge, Co. Kildare","Cutlery Road, Newbridge, Co. Kildare","53.178432","-6.797469","town","https://www.openstreetmap.org/?mlat=53.178432&mlon=-6.797469#map=18/53.178432/-6.797469"
"Kildare","DS-2022-21","","kildare-DS-2022-21","Blossom Hill House, Ballynakill, Broadford, Co. Kildare","Ballynakill, Broadford, Co. Kildare","53.440636","-6.968184","town","https://www.openstreetmap.org/?mlat=53.440636&mlon=-6.968184#map=18/53.440636/-6.968184"
"Kildare","DS-2018-Celbridge01","","kildare-DS-2018-Celbridge01","Property 1 at Hazelhatch Train Station, Celbridge, Co. Kildare","Hazelhatch Train Station, Celbridge, Co. Kildare","53.323612","-6.523285","town","https://www.openstreetmap.org/?mlat=53.323612&mlon=-6.523285#map=18/53.323612/-6.523285"
"Kildare","DS-2018-Celbridge02","","kildare-DS-2018-Celbridge02","Property 2 at Hazelhatch Train Station, Celbridge, Co. Kildare","Hazelhatch Train Station, Celbridge, Co. Kildare","53.323612","-6.523285","town","https://www.openstreetmap.org/?mlat=53.323612&mlon=-6.523285#map=18/53.323612/-6.523285"
"Kildare","DS-2018-Celbridge03","","kildare-DS-2018-Celbridge03","Property 3 at Hazelhatch Train Station, Celbridge, Co. Kildare","Hazelhatch Train Station, Celbridge, Co. Kildare","53.323612","-6.523285","town","https://www.openstreetmap.org/?mlat=53.323612&mlon=-6.523285#map=18/53.323612/-6.523285"
"Kildare","DS-2023-23","","kildare-DS-2023-23","Property at St. Michael's Convent, Stanhope Place, Athy, Co. Kildare","Stanhope Place, Athy, Co. Kildare","52.993407","-6.982842","town","https://www.openstreetmap.org/?mlat=52.993407&mlon=-6.982842#map=18/52.993407/-6.982842"
"Kildare","DS-2023-21","","kildare-DS-2023-21","Summerhill House & Stables, Blackrath, The Curragh, Co.Kildare","Blackrath, The Curragh, Co. Kildare","53.046647","-6.777599","town","https://www.openstreetmap.org/?mlat=53.046647&mlon=-6.777599#map=18/53.046647/-6.777599"
"Kildare","DS-2024-30","","kildare-DS-2024-30","Clean Machine Laundrette, Shraud Road, Co. Kildare","Shraud Road, Co. Kildare","53.162806","-6.908048","street","https://www.openstreetmap.org/?mlat=53.162806&mlon=-6.908048#map=18/53.162806/-6.908048"
"Kildare","DS-2024-32","","kildare-DS-2024-32","Tattoo Parlour at Station Road, Kildare Town","Station Road, Kildare Town, Co. Kildare","53.184901","-6.810829","street","https://www.openstreetmap.org/?mlat=53.184901&mlon=-6.810829#map=18/53.184901/-6.810829"
"Kildare","DS-2024-29","","kildare-DS-2024-29","Main Street, Sallins, Units 5,6,7,8,9, Co. Kildare","5 Main Street, Sallins, Co. Kildare","53.255045","-6.663378","street","https://www.openstreetmap.org/?mlat=53.255045&mlon=-6.663378#map=18/53.255045/-6.663378"
"Mayo","DS2024/17","F26 X5P9","mayo-ds2024-17","Lidl House, Bohernasup, Ballina, Co Mayo F26 X5P9","Bohernasup, Ballina, Co Mayo F26 X5P9","54.122039","-9.158992","town","https://www.openstreetmap.org/?mlat=54.122039&mlon=-9.158992#map=18/54.122039/-9.158992"
"Mayo","DS40/108","F26 XT63","mayo-ds40-108","""Stephanie's Hair Salon"", Abbey Street, Abbeyhalfquarter, Ardnaree South, Ballina, Co Mayo F26XT63","Abbey Street, Abbeyhalfquarter, Ardnaree South, Ballina, Co Mayo F26XT63","54.11302","-9.139194","town","https://www.openstreetmap.org/?mlat=54.11302&mlon=-9.139194#map=18/54.11302/-9.139194"
"Mayo","DS40/126","F26 R6D2","mayo-ds40-126","Abbey Street, Abbeyhalfquater, Ardnaree South, Ballina, F26 R6D2, Co. Mayo","Abbey Street, Ardnaree South, Ballina, F26 R6D2, Co. Mayo","54.112276","-9.152363","town","https://www.openstreetmap.org/?mlat=54.112276&mlon=-9.152363#map=18/54.112276/-9.152363"
"Mayo","DS40/160","","mayo-ds40-160","Becket' s Saw Mill, Barret Street, Ballina, Co Mayo","Barret Street, Ballina, Co Mayo","54.110936","-9.156215","town","https://www.openstreetmap.org/?mlat=54.110936&mlon=-9.156215#map=18/54.110936/-9.156215"
"Mayo","DS40/184","","mayo-ds40-184","Un-Used Land, Castlefield Manor, Kilmoremoy, Ballina, Co Mayo","Castlefield Manor, Kilmoremoy, Ballina, Co Mayo","54.125898","-9.157899","street","https://www.openstreetmap.org/?mlat=54.125898&mlon=-9.157899#map=18/54.125898/-9.157899"
"Mayo","DS40/191","F26 Y9P0","mayo-ds40-191","No. (9) St. Enda's Villa's Ballina, Co Mayo F26 Y9P0.","9 St. Enda's Villas, Ballina, Co. Mayo, F26 Y9P0","54.11415","-9.162415","town","https://www.openstreetmap.org/?mlat=54.11415&mlon=-9.162415#map=18/54.11415/-9.162415"
"Mayo","DS40/195","F26 C3W2","mayo-ds40-195","Property 1 Barrett Street, Ballina, Co Mayo F26 C3W2","1 Barrett Street, Ballina, Co Mayo F26 C3W2","54.112307","-9.152258","street","https://www.openstreetmap.org/?mlat=54.112307&mlon=-9.152258#map=18/54.112307/-9.152258"
"Mayo","DS40/57","F26 K803","mayo-ds40-57","O'Rahilly Street, Ballina, F26 K803 (Garveys Bakery), Co. Mayo","O'Rahilly Street, Ballina, Co. Mayo, F26 K803","54.113056","-9.15561","town","https://www.openstreetmap.org/?mlat=54.113056&mlon=-9.15561#map=18/54.113056/-9.15561"
"Mayo","DS40/76","","mayo-ds40-76","Entrance to ""The Hawthorns"", Killala Road, Ballina, Co. Mayo","Killala Road, Ballina, Co. Mayo","54.124091","-9.161044","town","https://www.openstreetmap.org/?mlat=54.124091&mlon=-9.161044#map=18/54.124091/-9.161044"
"Mayo","DS40/83","","mayo-ds40-83","Old Mill,Knocknalyre, Sligo Road, Ballina, Co. Mayo","Knocknalyre, Sligo Road, Ballina, Co. Mayo","54.119928","-9.133552","street","https://www.openstreetmap.org/?mlat=54.119928&mlon=-9.133552#map=18/54.119928/-9.133552"
"Mayo","DS40/91","F26 A073","mayo-ds40-91","""Pet Stop Discount Warehouse"", Kevin Barry St., Ballina,Co Mayo F26 A073","Kevin Barry St., Ballina, Co. Mayo F26 A073","54.112205","-9.15928","town","https://www.openstreetmap.org/?mlat=54.112205&mlon=-9.15928#map=18/54.112205/-9.15928"
"Mayo","DS2024/23","F26 R5P3","mayo-ds2024-23","Tyrawley House, McDermott Street, Ballina, Co Mayo F26 R5P3","McDermott Street, Ballina, Co. Mayo F26 R5P3","54.115326","-9.159439","town","https://www.openstreetmap.org/?mlat=54.115326&mlon=-9.159439#map=18/54.115326/-9.159439"
"Mayo","DS10/52","F26 CR94","mayo-ds10-52","R314, Gore Street, Killala, Co Mayo F26 CR94","Gore Street, Killala, Co. Mayo F26 CR94","54.213029","-9.220746","street","https://www.openstreetmap.org/?mlat=54.213029&mlon=-9.220746#map=18/54.213029/-9.220746"
"Mayo","DS42/03","","mayo-ds42-03","""Woodside Motors"", Claremorris Road, Balla, Co Mayo","Claremorris Road, Balla, Co Mayo","53.720684","-9.002221","street","https://www.openstreetmap.org/?mlat=53.720684&mlon=-9.002221#map=18/53.720684/-9.002221"
"Mayo","DS2024/19","","mayo-ds2024-19","Semi-detached structure adjacent to former Garda Station, Ballyglass, Claremorris, Co Mayo","Ballyglass, Claremorris, Co Mayo","53.915818","-8.985574","town","https://www.openstreetmap.org/?mlat=53.915818&mlon=-8.985574#map=18/53.915818/-8.985574"
"Mayo","DS43/01","F23 CH64","mayo-ds43-01","""Ballyvary House"", Main Street, Ballyvary, Castlebar, Co Mayo F23 CH64","Main Street, Ballyvary, Castlebar, Co. Mayo F23 CH64","53.856781","-9.298259","street","https://www.openstreetmap.org/?mlat=53.856781&mlon=-9.298259#map=18/53.856781/-9.298259"
"Mayo","DS41/17","","mayo-ds41-17","Saleen Property Site 2F, Co. Mayo","Saleen, Co. Mayo","53.847565","-9.289311","town","https://www.openstreetmap.org/?mlat=53.847565&mlon=-9.289311#map=18/53.847565/-9.289311"
"Mayo","DS41/21","F23 YW65","mayo-ds41-21","Gavin and Brennan Buildings, Knockthomas, Castlebar, Co Mayo F23 YW65","Knockthomas, Castlebar, Co. Mayo, F23 YW65","53.861432","-9.293534","town","https://www.openstreetmap.org/?mlat=53.861432&mlon=-9.293534#map=18/53.861432/-9.293534"
"Mayo","DS41/23","","mayo-ds41-23","Site H: Brennan's Yard, Knockthomas, Castlebar, Co Mayo","Knockthomas, Castlebar, Co Mayo","53.861432","-9.293534","town","https://www.openstreetmap.org/?mlat=53.861432&mlon=-9.293534#map=18/53.861432/-9.293534"
"Mayo","DS41/24","F23 E297","mayo-ds41-24","Former Commercial Premises, Newport Road, Castlebar, Co Mayo F23E297","Newport Road, Castlebar, Co Mayo F23E297","53.857424","-9.313263","town","https://www.openstreetmap.org/?mlat=53.857424&mlon=-9.313263#map=18/53.857424/-9.313263"
"Mayo","DS41/45","","mayo-ds41-45","Saleen Site (beside Cushlough), Saleen, Castlebar, Co Mayo","Saleen, Castlebar, Co Mayo","53.845396","-9.296568","town","https://www.openstreetmap.org/?mlat=53.845396&mlon=-9.296568#map=18/53.845396/-9.296568"
"Mayo","DS2025/16","F23 WE16","mayo-ds2025-16","Hill House, Mountain View, Castlebar, Co Mayo, F23 WE16","Mountain View, Castlebar, Co Mayo, F23 WE16","53.854078","-9.300677","town","https://www.openstreetmap.org/?mlat=53.854078&mlon=-9.300677#map=18/53.854078/-9.300677"
"Mayo","DS2025/27","F26 CK77","mayo-ds2025-27","Devanney's Bar, Lahardane, Co Mayo F26 CK77","Lahardane, Co Mayo F26 CK77","54.028248","-9.321658","town","https://www.openstreetmap.org/?mlat=54.028248&mlon=-9.321658#map=18/54.028248/-9.321658"
"Mayo","DS17/38","","mayo-ds17-38","Old Rugby Club, High St., Ballinrobe, Co Mayo","High St., Ballinrobe, Co. Mayo","53.624548","-9.226393","street","https://www.openstreetmap.org/?mlat=53.624548&mlon=-9.226393#map=18/53.624548/-9.226393"
"Mayo","DS17/65","F31 AK54","mayo-ds17-65","""Mooneys"", Bridge Street, Ballinrobe, Co Mayo F31 AK54","Bridge Street, Ballinrobe, Co Mayo F31 AK54","53.624296","-9.223164","town","https://www.openstreetmap.org/?mlat=53.624296&mlon=-9.223164#map=18/53.624296/-9.223164"
"Mayo","DS2025/25","F31 T671","mayo-ds2025-25","Glenview, 49 Abbey Street, Ballinrobe, Co Mayo F31 T671","49 Abbey Street, Ballinrobe, Co. Mayo F31 T671","53.624554","-9.221934","town","https://www.openstreetmap.org/?mlat=53.624554&mlon=-9.221934#map=18/53.624554/-9.221934"
"Mayo","DS19/42","","mayo-ds19-42","Cash For Clothes, The Square, Claremorris, Co Mayo","The Square, Claremorris, Co. Mayo","53.719571","-8.997705","town","https://www.openstreetmap.org/?mlat=53.719571&mlon=-8.997705#map=18/53.719571/-8.997705"
"Mayo","DS19/43","F12 Y1T9","mayo-ds19-43","O Brien Flats Knock Road Claremorris Co Mayo F12Y1T9, F12Y314","Knock Road, Claremorris, Co. Mayo, F12Y1T9","53.725695","-8.99549","town","https://www.openstreetmap.org/?mlat=53.725695&mlon=-8.99549#map=18/53.725695/-8.99549"
"Mayo","DS19/63","F12 VF95","mayo-ds19-63","James Street, Claremorris, Co Mayo (beside bank on corner F12 VF95).","James Street, Claremorris, Co Mayo F12 VF95","53.717325","-9.000195","town","https://www.openstreetmap.org/?mlat=53.717325&mlon=-9.000195#map=18/53.717325/-9.000195"
"Mayo","DS19/73","F12 WP03","mayo-ds19-73","Old Convent, Claremount, Claremorris, Co Mayo F12WP03","Claremount, Claremorris, Co. Mayo, F12WP03","53.734353","-8.997968","town","https://www.openstreetmap.org/?mlat=53.734353&mlon=-8.997968#map=18/53.734353/-8.997968"
"Mayo","DS2024/21","","mayo-ds2024-21","House without a roof, Irishtown, Foxford, Co Mayo","Irishtown, Foxford, Co Mayo","53.662654","-8.888004","street","https://www.openstreetmap.org/?mlat=53.662654&mlon=-8.888004#map=18/53.662654/-8.888004"
"Mayo","DS04/07","","mayo-ds04-07","Old Petrol Station, N17, Kilkelly, Co Mayo","N17, Kilkelly, Co Mayo","53.864918","-8.853469","town","https://www.openstreetmap.org/?mlat=53.864918&mlon=-8.853469#map=18/53.864918/-8.853469"
"Mayo","DS04/16","","mayo-ds04-16","Ballaghaderreen Road, Kilkelly, Co Mayo","Ballaghaderreen Road, Kilkelly, Co Mayo","53.848255","-9.269948","street","https://www.openstreetmap.org/?mlat=53.848255&mlon=-9.269948#map=18/53.848255/-9.269948"
"Mayo","DS12/52","F12 EK84","mayo-ds12-52","Former Commercial Unit, Main Street, Kiltimagh, Co Mayo F12EK84.","Main Street, Kiltimagh, Co Mayo F12EK84","53.850319","-8.998409","town","https://www.openstreetmap.org/?mlat=53.850319&mlon=-8.998409#map=18/53.850319/-8.998409"
"Mayo","DS12/56","","mayo-ds12-56","A. Cleary & Sons Limited, George's Street, Kiltimagh, Co Mayo","George's Street, Kiltimagh, Co Mayo","53.85","-9","town","https://www.openstreetmap.org/?mlat=53.85&mlon=-9#map=18/53.85/-9"
"Mayo","DS2024/20","F12 ND32","mayo-ds2024-20","Former N17 Night-Club, Main Street, Kiltimagh, Co Mayo F12 ND32","Main Street, Kiltimagh, Co Mayo F12 ND32","53.850319","-8.998409","town","https://www.openstreetmap.org/?mlat=53.850319&mlon=-8.998409#map=18/53.850319/-8.998409"
"Mayo","DS06/01","F12 XF64","mayo-ds06-01","Belmont Hotel, Churchfield, Knock, Co Mayo F12 XF64","Churchfield, Knock, Co. Mayo F12 XF64","53.783173","-8.906072","town","https://www.openstreetmap.org/?mlat=53.783173&mlon=-8.906072#map=18/53.783173/-8.906072"
"Mayo","DS31/01","F12 R2E1","mayo-ds31-01","Roundfort Stores, Roundfort, Hollymount, Co Mayo F12 R2E1","Roundfort, Hollymount, Co. Mayo, F12 R2E1","53.645638","-9.109414","town","https://www.openstreetmap.org/?mlat=53.645638&mlon=-9.109414#map=18/53.645638/-9.109414"
"Mayo","DS15/37","","mayo-ds15-37","Brookville Ave. Swinford, Co Mayo","Brookville Ave, Swinford, Co. Mayo","53.70305","-9.014524","town","https://www.openstreetmap.org/?mlat=53.70305&mlon=-9.014524#map=18/53.70305/-9.014524"
"Mayo","DS15/38","","mayo-ds15-38","Brookville Ave. Swinford, Co Mayo","Brookville Ave, Swinford, Co. Mayo","53.70305","-9.014524","town","https://www.openstreetmap.org/?mlat=53.70305&mlon=-9.014524#map=18/53.70305/-9.014524"
"Mayo","DS24/01","","mayo-ds24-01","The Old Terminal Building, Achill Sound, Co. Mayo","Achill Sound, Co. Mayo","53.929635","-9.927451","town","https://www.openstreetmap.org/?mlat=53.929635&mlon=-9.927451#map=18/53.929635/-9.927451"
"Mayo","DS08/32","F28 PD62","mayo-ds08-32","""Carrowbaun House"", Medlicott Street, Newport, Co Mayo F28 PD62","Medlicott Street, Newport, Co Mayo F28 PD62","53.883174","-9.547398","town","https://www.openstreetmap.org/?mlat=53.883174&mlon=-9.547398#map=18/53.883174/-9.547398"
"Mayo","DS08/37","","mayo-ds08-37","Quay Road, Newport, Co Mayo Townland of KnocknageehaF28 FX04","Quay Road, Newport, Co. Mayo, F28 FX04","53.885484","-9.556522","town","https://www.openstreetmap.org/?mlat=53.885484&mlon=-9.556522#map=18/53.885484/-9.556522"
"Mayo","DS08/52","F28 HF79","mayo-ds08-52","Newport Youth Café, Castlebar Street, Newport, Co Mayo F28 HF79","Castlebar Street, Newport, Co Mayo F28 HF79","53.884864","-9.544366","town","https://www.openstreetmap.org/?mlat=53.884864&mlon=-9.544366#map=18/53.884864/-9.544366"
"Tipperary","ENV-C-20-19","E21 Y998","tipperary-env-c-20-19","Honey Cottage, Glennagat, Cahir, Co. Tipperary, E21 Y998","Glennagat, Cahir, Co. Tipperary, E21 Y998","52.422485","-7.836376","town","https://www.openstreetmap.org/?mlat=52.422485&mlon=-7.836376#map=18/52.422485/-7.836376"
"Tipperary","ENV-C-22-16","","tipperary-env-c-22-16","Ashbury Industrial Estate, (Former Offray Factory), Roscrea, Co. Tipperary","Ashbury Industrial Estate, Roscrea, Co. Tipperary","52.965527","-7.788511","town","https://www.openstreetmap.org/?mlat=52.965527&mlon=-7.788511#map=18/52.965527/-7.788511"
"Tipperary","ENV-C-17-5","","tipperary-env-c-17-5","Caulfields Supervalu, Bank Place, Tipperary Town","Bank Place, Tipperary Town, Co. Tipperary","52.473484","-8.161445","town","https://www.openstreetmap.org/?mlat=52.473484&mlon=-8.161445#map=18/52.473484/-8.161445"
"Tipperary","ENV-C-19-10","E25 X732","tipperary-env-c-19-10","Kearneys Castle, Main Street, Cashel, Co Tipperary E25 X732","Main Street, Cashel, Co Tipperary E25 X732","52.515901","-7.890735","town","https://www.openstreetmap.org/?mlat=52.515901&mlon=-7.890735#map=18/52.515901/-7.890735"
"Tipperary","TRT.25.010","E91 PP99","tipperary-trt-25-010-1","E91 PP99 Market Place (formerly Xtra Vision) Site (Folio TY61870F), Co. Tipperary","Market Place, Co. Tipperary, E91 PP99","52.354674","-7.701496","town","https://www.openstreetmap.org/?mlat=52.354674&mlon=-7.701496#map=18/52.354674/-7.701496"
"Tipperary","TRT.25.010","E91 F896","tipperary-trt-25-010-2","b) E91 F896 Market Place SC (formerly Mai’s Café), Co. Tipperary","Market Place, Clonmel, Co. Tipperary, E91 F896","52.354674","-7.701496","town","https://www.openstreetmap.org/?mlat=52.354674&mlon=-7.701496#map=18/52.354674/-7.701496"
"Tipperary","TRT.25.010","E91 PF53","tipperary-trt-25-010-12","l) E91 PF53 Unit B8 Market Place, Co. Tipperary","Unit B8 Market Place, Co. Tipperary, E91 PF53","52.354674","-7.701496","town","https://www.openstreetmap.org/?mlat=52.354674&mlon=-7.701496#map=18/52.354674/-7.701496"
"Tipperary","TRT.26.010","E45 X924","tipperary-trt-26-010","Church Street, Bunacum, Toomevara E45 X924, Co. Tipperary","Church Street, Toomevara, Co. Tipperary, E45 X924","52.851206","-8.034301","town","https://www.openstreetmap.org/?mlat=52.851206&mlon=-8.034301#map=18/52.851206/-8.034301"
"Wexford","DER2024-079","","wexford-der2024-079","Site at Clonard Road (Rear of Circle K Garage), Wexford","Clonard Road, Wexford","52.333065","-6.477139","town","https://www.openstreetmap.org/?mlat=52.333065&mlon=-6.477139#map=18/52.333065/-6.477139"
"Wexford","DER2023-090","","wexford-der2023-090","Derelict Site, Carnew Road, Ferns, Co. Wexford","Carnew Road, Ferns, Co. Wexford","52.65546","-6.6512","street","https://www.openstreetmap.org/?mlat=52.65546&mlon=-6.6512#map=18/52.65546/-6.6512"
"Wexford","DER2024-038","","wexford-der2024-038","Site Adj acent to Applegreen, Ferns, Co. Wexford","Ferns, Co. Wexford","52.589792","-6.495289","town","https://www.openstreetmap.org/?mlat=52.589792&mlon=-6.495289#map=18/52.589792/-6.495289"
"Wexford","DER2020-028","","wexford-der2020-028","Bungalow at Ballybrennan, Killinick, Co. Wexford","Ballybrennan, Killinick, Co. Wexford","52.253941","-6.419782","town","https://www.openstreetmap.org/?mlat=52.253941&mlon=-6.419782#map=18/52.253941/-6.419782"
"Wexford","DER2023-061","","wexford-der2023-061","No. 1 South Main Street (Formerly Shoe Zone), Wexford","1 South Main Street, Wexford","52.337556","-6.46123","town","https://www.openstreetmap.org/?mlat=52.337556&mlon=-6.46123#map=18/52.337556/-6.46123"
"Wexford","DER2024-041","","wexford-der2024-041","Old Pub, Hookless Village, Fethard-on-Sea. Co. Wexford","Hookless Village, Fethard-on-Sea, Co. Wexford","52.193124","-6.842883","street","https://www.openstreetmap.org/?mlat=52.193124&mlon=-6.842883#map=18/52.193124/-6.842883"
"Wexford","DER2024-017","","wexford-der2024-017","Former Coogan's Pub/Kavanagh's Pub, Shannon Quay, Enniscorthy, Co. Wexford","Shannon Quay, Enniscorthy, Co. Wexford","52.500941","-6.563938","town","https://www.openstreetmap.org/?mlat=52.500941&mlon=-6.563938#map=18/52.500941/-6.563938"
"Wexford","DER2023-136","","wexford-der2023-136","Swimming Pool at Hookless Village, Fethard-on-Sea, Co. Wexford","Hookless Village, Fethard-on-Sea, Co. Wexford","52.193124","-6.842883","street","https://www.openstreetmap.org/?mlat=52.193124&mlon=-6.842883#map=18/52.193124/-6.842883"
"Wexford","DER2024-003","","wexford-der2024-003","Former Mulcahy Paintings, 98 North Main Street, Wexford","98 North Main Street, Wexford","52.338647","-6.46187","town","https://www.openstreetmap.org/?mlat=52.338647&mlon=-6.46187#map=18/52.338647/-6.46187"
"Wexford","DER2022-023","","wexford-der2022-023","Church View, 41 Lower John Street, Wexford","41 Lower John Street, Wexford","52.338392","-6.465134","town","https://www.openstreetmap.org/?mlat=52.338392&mlon=-6.465134#map=18/52.338392/-6.465134"
"Wexford","DER2023-043","","wexford-der2023-043","Crossroads Foodstore, Wygram Heights, Wexford","Wygram Heights, Wexford","52.340244","-6.471824","town","https://www.openstreetmap.org/?mlat=52.340244&mlon=-6.471824#map=18/52.340244/-6.471824"
"Wexford","DER2022-034","","wexford-der2022-034","Former Ann's Hair Salon, Main Street, Taghmon, Co. Wexford","Main Street, Taghmon, Co. Wexford","52.322829","-6.654312","town","https://www.openstreetmap.org/?mlat=52.322829&mlon=-6.654312#map=18/52.322829/-6.654312"
"Wexford","DER2021-009","","wexford-der2021-009","1-5 The Old Creamery, Ballycanew, Gorey, Co. Wexford","1 The Old Creamery, Ballycanew, Gorey, Co. Wexford","52.608836","-6.303487","street","https://www.openstreetmap.org/?mlat=52.608836&mlon=-6.303487#map=18/52.608836/-6.303487"
"Wexford","DER2022-033","","wexford-der2022-033","Former Bike Shop, Priory Street, New Ross, Co. Wexford","Priory Street, New Ross, Co. Wexford","52.39198","-6.946442","town","https://www.openstreetmap.org/?mlat=52.39198&mlon=-6.946442#map=18/52.39198/-6.946442"
"Wexford","DER2020-039","","wexford-der2020-039","Old Thatched Cottage, Ballyedmond Village, Ballyedmond, Co. Wexford","Ballyedmond Village, Ballyedmond, Co. Wexford","52.552895","-6.340688","town","https://www.openstreetmap.org/?mlat=52.552895&mlon=-6.340688#map=18/52.552895/-6.340688"
"Wexford","DER2020-013","","wexford-der2020-013","BumbleBee Licensed Premises, Priory Street, New Ross, Co. Wexford","Priory Street, New Ross, Co. Wexford","52.39198","-6.946442","town","https://www.openstreetmap.org/?mlat=52.39198&mlon=-6.946442#map=18/52.39198/-6.946442"
"Wexford","DER2020-014","","wexford-der2020-014","Priory Street (adj. to Bumblebee), New Ross, Co. Wexford","Priory Street, New Ross, Co. Wexford","52.39198","-6.946442","town","https://www.openstreetmap.org/?mlat=52.39198&mlon=-6.946442#map=18/52.39198/-6.946442"
"Wexford","DER2017-007","","wexford-der2017-007","The Former Great Southern Hotel, Rosslare Harbour, Co. Wexford","Rosslare Harbour, Co. Wexford","52.251194","-6.337538","town","https://www.openstreetmap.org/?mlat=52.251194&mlon=-6.337538#map=18/52.251194/-6.337538"
"Wexford","DER2014-013","","wexford-der2014-013","Rocks Factory (Formerly Breens Carriage Factory), Templeshannon, Enniscorthy, Co. Wexford","Templeshannon, Enniscorthy, Co. Wexford","52.501544","-6.559311","town","https://www.openstreetmap.org/?mlat=52.501544&mlon=-6.559311#map=18/52.501544/-6.559311"
"Wexford","DER2014-004","","wexford-der2014-004","Harneys Shoe Repairs, 4 John Street, New Ross, Co. Wexford","4 John Street, New Ross, Co. Wexford","52.396887","-6.944014","town","https://www.openstreetmap.org/?mlat=52.396887&mlon=-6.944014#map=18/52.396887/-6.944014"
"Wexford","DER2014-002","","wexford-der2014-002","Gladneys Licenced Premises, 5 John Street, New Ross, Co. Wexford","5 John Street, New Ross, Co. Wexford","52.396827","-6.944032","town","https://www.openstreetmap.org/?mlat=52.396827&mlon=-6.944032#map=18/52.396827/-6.944032"
"Louth","DS 509","","louth-ds-509","34 Quay St. Dundalk (Former Danny Boys Bar), Co. Louth","34 Quay St, Dundalk, Co. Louth","54.00646","-6.385245","town","https://www.openstreetmap.org/?mlat=54.00646&mlon=-6.385245#map=18/54.00646/-6.385245"
"Louth","DS 540","","louth-ds-540","Former NV Niteclub, Carrickcarnon, Co. Louth","Carrickcarnon, Co. Louth","54.105366","-6.359648","town","https://www.openstreetmap.org/?mlat=54.105366&mlon=-6.359648#map=18/54.105366/-6.359648"
"Louth","DS 584","","louth-ds-584","Former Bank, 3 Marsh Road, Drogheda, Co. Louth","3 Marsh Road, Drogheda, Co. Louth","53.713446","-6.34746","town","https://www.openstreetmap.org/?mlat=53.713446&mlon=-6.34746#map=18/53.713446/-6.34746"
"Louth","DS 2023 001","","louth-ds-2023-001","83 Strand Street, Clogherhead Allwell House/Duke House, Duke St, Co. Louth","83 Strand Street, Clogherhead, Co. Louth; Duke Street, Co. Louth","53.7904","-6.236094","street","https://www.openstreetmap.org/?mlat=53.7904&mlon=-6.236094#map=18/53.7904/-6.236094"
"Louth","DS 2024 005","","louth-ds-2024-005","Former Public House, Main St, Dunleer, Co. Louth","Main St, Dunleer, Co. Louth","53.831398","-6.394607","street","https://www.openstreetmap.org/?mlat=53.831398&mlon=-6.394607#map=18/53.831398/-6.394607"
"Louth","DS 2023 070","","louth-ds-2023-070","PJ Carroll Bldg,38-39 Church St,Dundalk, Co. Louth","38 Church St, Dundalk, Co. Louth","54.008811","-6.402424","town","https://www.openstreetmap.org/?mlat=54.008811&mlon=-6.402424#map=18/54.008811/-6.402424"
"Louth","DS 2024 044","","louth-ds-2024-044","Ferrard House, Hacketts Cross, Clogherhead, Co. Louth","Hacketts Cross, Clogherhead, Co. Louth","53.801667","-6.255556","town","https://www.openstreetmap.org/?mlat=53.801667&mlon=-6.255556#map=18/53.801667/-6.255556"
"Louth","DS 2025 010","","louth-ds-2025-010","Spiders Web, Carrickmacross Rd, Dundalk, Co. Louth","Carrickmacross Rd, Dundalk, Co. Louth","54.000052","-6.415283","town","https://www.openstreetmap.org/?mlat=54.000052&mlon=-6.415283#map=18/54.000052/-6.415283"
"Louth","DS 2023 013","","louth-ds-2023-013","3 former dwellings, Brewery St, Castlebellingham, Co. Louth","Brewery St, Castlebellingham, Co. Louth","53.89683","-6.389165","street","https://www.openstreetmap.org/?mlat=53.89683&mlon=-6.389165#map=18/53.89683/-6.389165"
"Louth","DS 2023 063","","louth-ds-2023-063","Former Drg Chem Manure Wrks, Marsh Rd, Drog, Co. Louth","Marsh Rd, Drogheda, Co. Louth","53.713446","-6.34746","town","https://www.openstreetmap.org/?mlat=53.713446&mlon=-6.34746#map=18/53.713446/-6.34746"
"Westmeath","20","","westmeath-20","Buildings on rhs of Mullingar Rd, Kilbeggan, Co. Westmeath","Mullingar Rd, Kilbeggan, Co. Westmeath","53.50255","-7.421037","town","https://www.openstreetmap.org/?mlat=53.50255&mlon=-7.421037#map=18/53.50255/-7.421037"
"Westmeath","372","","westmeath-372","Buds in Bloom, Kilbeggan, Co. Westmeath","Kilbeggan, Co. Westmeath","53.369507","-7.502669","town","https://www.openstreetmap.org/?mlat=53.369507&mlon=-7.502669#map=18/53.369507/-7.502669"
"Westmeath","468","","westmeath-468","Rear of 16 Court Devenish Athlone, Co. Westmeath","16 Court Devenish, Athlone, Co. Westmeath","53.424707","-7.939635","town","https://www.openstreetmap.org/?mlat=53.424707&mlon=-7.939635#map=18/53.424707/-7.939635"
"Westmeath","663","","westmeath-663","Pub at Junction of Trim Rd, Kinnegad, Co. Westmeath","Trim Rd, Kinnegad, Co. Westmeath","53.695252","-7.357535","town","https://www.openstreetmap.org/?mlat=53.695252&mlon=-7.357535#map=18/53.695252/-7.357535"
"Westmeath","729","","westmeath-729","Athlone Glass Site, Clonown Road, Doovoge, Athlone, Co. Westmeath","Clonown Road, Doovoge, Athlone, Co. Westmeath","53.417931","-7.947729","street","https://www.openstreetmap.org/?mlat=53.417931&mlon=-7.947729#map=18/53.417931/-7.947729"
"Westmeath","759","","westmeath-759","Former Texas Oil, Bellaugh, Athlone, Co. Westmeath","Bellaugh, Athlone, Co. Westmeath","53.421273","-7.956995","town","https://www.openstreetmap.org/?mlat=53.421273&mlon=-7.956995#map=18/53.421273/-7.956995"
"Carlow","DS172","","carlow-ds172","Piers & Cottage, Burton Hall, Palatine Co. Carlow","Burton Hall, Palatine, Co. Carlow","52.863384","-6.86011","town","https://www.openstreetmap.org/?mlat=52.863384&mlon=-6.86011#map=18/52.863384/-6.86011"
"Carlow","DS182","","carlow-ds182","Tullow Motor Factors Building, Church Street, Tullow, Co. Carlow.","Church Street, Tullow, Co. Carlow.","52.803258","-6.73516","town","https://www.openstreetmap.org/?mlat=52.803258&mlon=-6.73516#map=18/52.803258/-6.73516"
"Carlow","DS219","","carlow-ds219","Lamberts Hardware Corner of Main St and Mill St Hacketstown, Tullow, Co. Carlow","Main St and Mill St, Hacketstown, Tullow, Co. Carlow","52.865398","-6.55864","street","https://www.openstreetmap.org/?mlat=52.865398&mlon=-6.55864#map=18/52.865398/-6.55864"
"Monaghan","DSN 7/22","","monaghan-dsn-7-22","Derryveagh, Carrickroe, Co. Monaghan - Folio MN23422F","Derryveagh, Carrickroe, Co. Monaghan","54.360339","-7.017341","town","https://www.openstreetmap.org/?mlat=54.360339&mlon=-7.017341#map=18/54.360339/-7.017341"
"Monaghan","DSN 43/25","","monaghan-dsn-43-25","Land behind Bank of Ireland on Bridwell Lane (to the South) and Drummond Etra (to the West), Carrickmacross, Co. Monaghan","Bridwell Lane, Carrickmacross, Co. Monaghan","53.976696","-6.720883","street","https://www.openstreetmap.org/?mlat=53.976696&mlon=-6.720883#map=18/53.976696/-6.720883"
"Sligo","DS 074","","sligo-ds-074","Old Street, Collooney, Co Sligo - Former Crystal factory","Old Street, Collooney, Co. Sligo","54.185715","-8.489602","street","https://www.openstreetmap.org/?mlat=54.185715&mlon=-8.489602#map=18/54.185715/-8.489602"
"Sligo","DS 117","","sligo-ds-117","Westgardens/Market Street, Sligo - Building Property B","Westgardens/Market Street, Sligo","54.268639","-8.472294","street","https://www.openstreetmap.org/?mlat=54.268639&mlon=-8.472294#map=18/54.268639/-8.472294"
"Sligo","DS 118","","sligo-ds-118","Westgardens/Market Street, Sligo - Building Property C","Westgardens/Market Street, Sligo","54.268639","-8.472294","street","https://www.openstreetmap.org/?mlat=54.268639&mlon=-8.472294#map=18/54.268639/-8.472294"
"Sligo","DS 222","","sligo-ds-222","Property at Carrowhubback South, Main Street, Enniscrone, Co. Sligo","Carrowhubback South, Main Street, Enniscrone, Co. Sligo","54.212882","-9.095384","street","https://www.openstreetmap.org/?mlat=54.212882&mlon=-9.095384#map=18/54.212882/-9.095384"
"Sligo","DS 100","","sligo-ds-100","High Street, Market Street, Sligo (Old Savoy Cinema)","High Street, Market Street, Sligo","54.270273","-8.473515","street","https://www.openstreetmap.org/?mlat=54.270273&mlon=-8.473515#map=18/54.270273/-8.473515"
"Sligo","DS 177","","sligo-ds-177","Old Dispensary Building, Charles Street, Sligo","Charles Street, Sligo","54.269974","-8.475888","town","https://www.openstreetmap.org/?mlat=54.269974&mlon=-8.475888#map=18/54.269974/-8.475888"
"Leitrim","DS60","","leitrim-ds60","Near Junction of N4 and County Road 657 - Jamestown, Co. Leitrim","Jamestown, Co. Leitrim","53.926877","-8.030312","town","https://www.openstreetmap.org/?mlat=53.926877&mlon=-8.030312#map=18/53.926877/-8.030312"
"Leitrim","DS62","","leitrim-ds62","Adjacent N16 near junction with County Road 144 Diffreen, Glencar, Co. Leitrim","Diffreen, Glencar, Co. Leitrim","54.315887","-8.331632","town","https://www.openstreetmap.org/?mlat=54.315887&mlon=-8.331632#map=18/54.315887/-8.331632"
"Donegal","DSR/2025/004","F92 RK19","donegal-dsr-2025-004","Former Scally Surgery (F92 RK19) & Dwelling (F92 NP52), Castle Street, Letterkenny,Co. Donegal.","Castle Street, Letterkenny, Co. Donegal, F92 RK19","55.037421","-7.644312","town","https://www.openstreetmap.org/?mlat=55.037421&mlon=-7.644312#map=18/55.037421/-7.644312"
"Donegal","DS 46(D)","","donegal-ds-46-d","Condon Building, Mall, Ballyshannon, Co. Donegal","Mall, Ballyshannon, Co. Donegal","54.517845","-8.183979","town","https://www.openstreetmap.org/?mlat=54.517845&mlon=-8.183979#map=18/54.517845/-8.183979"
